Elzbieta,Aamodt
Teiji,Aamodt
Gonzalo,Adachi
Nigel,Aingworth
Kyoichi,Aingworth
Martina,Aingworth
Rosalyn,Akaboshi
Idoia,Akaboshi
Shawna,Akazan
Vitaly,Akiyama
Basem,Akiyama
Terresa,Akiyama
Tsutomu,Alameldin
Shrikanth,Alameldin
Shimshon,Albarhamtoshy
Phuoc,Albarhamtoshy
Yucai,Albarhamtoshy
Jouni,Alblas
Mandell,Alencar
Houman,Alencar
Genevieve,Alpay
Ekawit,Alpay
Kamakshi,Alpay
Shawna,Alpay
Magdalena,Ambroszkiewicz
Arco,Anandan
Nobuyoshi,Ananiadou
Ute,Androutsos
Masako,Androutsos
Jasminko,Androutsos
Shigenori,Angel
Kazuyasu,Angelopoulos
Alenka,Angelopoulos
Lenore,Angelopoulos
Froduald,Angelov
Eberhardt,Angelov
Radhakrishnan,Angelov
Valdiodio,Angelov
Jinya,Angelov
Takushi,Anger
Jaana,Angot
Zhongwei,Angot
Weicheng,Anick
Lunjin,Anick
Dinah,Anick
Toney,Anido
Neven,Anido
Hisao,Anily
Goncalo,Anily
Shuji,Anily
Amabile,Apsitis
Arto,Apsitis
Bezalel,Argence
Boguslaw,Ariola
Paris,Ariola
Stevo,Ariola
Seongbin,Ariola
Mats,Arlazarov
Shem,Armand
Kazuhiko,Armand
Rajmohan,Armand
Arif,Aseltine
Aimee,Aseltine
Pranav,Ashish
Aran,Ashish
Arfst,Asrin
Adam,Asrin
Guadalupe,Assaf
Mansur,Atchley
Arno,Atchley
Vesna,Atrawala
Naraig,Aumann
Dzung,Auria
Leni,Avouris
Yuqun,Awdeh
Macha,Awdeh
Remko,Awdeh
Akemi,Axelband
Pranav,Axelband
Mani,Azulay
Mori,Azulay
Shimshon,Azuma
Radhia,Azumi
Leandro,Baaleh
Sariel,Baaleh
Elvia,Baalen
Sushant,Baalen
Gererd,Baar
Leaf,Baar
Seongbae,Baaz
Foong,Baaz
Arno,Baba
Guadalupe,Babb
Sariel,Babb
Zhenbing,Babb
Shahid,Babu
Vojin,Baby
Dmitry,Baby
Mircea,Baby
Wayne,Baby
Christ,Baca
Mihalis,Baca
Willard,Baca
Tamiya,Baca
Eberhardt,Backhouse
Ronnie,Badr
Debaprosad,Badr
Jiann,Bael
Hercules,Baer
Guttorm,Baer
Akeel,Baez
Sigeru,Baez
Jingling,Baez
Juyoung,Baez
Anneli,Baezner
Hongzhu,Bahi
Faiza,Bahi
Kersti,Bahi
Zhongwei,Bahr
Kenton,Bahr
Xiaopeng,Bahr
Huei,Baig
Christoper,Baig
Yishai,Baik
Chaitali,Baik
Xiaobin,Bail
Chenye,Baja
Bingning,Baja
Hidekazu,Bala
Uta,Bale
Sanjoy,Ballarin
Zongyan,Bamford
Chiranjit,Bamford
Lucien,Bamford
Xudong,Bamford
Gunilla,Bamford
Masaru,Baranowski
Shiv,Barbanera
Vesna,Barbanera
Kyoichi,Barbanera
Nalini,Bardell
Xuejia,Barinka
Mari,Barinka
Luisa,Barinka
Toshimi,Barreiro
Eishiro,Barreiro
Trygve,Barreiro
Ziya,Barriga
Akeno,Barriga
Gina,Barriga
Khalid,Basawa
Demin,Basawa
Zeljko,Bashian
Bowen,Bashian
Christ,Bashian
Denis,Bashian
Marko,Bashian
Reinhard,Bauknecht
Boriana,Bazelow
Krisda,Bazelow
Mizuhito,Bazzichi
Paloma,Bednarek
Filipe,Bednarek
Geraldo,Bednarek
Dannz,Beerel
Gurbir,Beerel
Takahiro,Beerel
Jaber,Beerel
Serge,Beeson
Nobuyoshi,Beeson
Zito,Beetstra
Kerhong,Begiun
Kristen,Begiun
Seongbae,Beilner
Kristin,Beilner
Sigeru,Beilner
Arfst,Belinskaya
Filipe,Bellmore
Weidon,Bellone
Aran,Benaini
Fumitake,Benaini
Jeanne,Benner
Nirmal,Benner
Baruch,Benner
Toshimori,Benveniste
Doowon,Benzmuller
Leni,Benzmuller
Prodip,Benzmuller
Basim,Benzmuller
Maik,Berendt
Uta,Berendt
Shiv,Bernardeschi
Surveyors,Bernardinello
Aamod,Bernatsky
Huai,Bernatsky
Gen,Bernatsky
Renee,Bernick
Basil,Bernick
Khaled,Bernick
Udo,Bernini
Sven,Bernini
Persi,Berstel
Ibibia,Beutelspacher
Ymte,Beutelspacher
Chaoyi,Beznosov
Make,Beznosov
Gaurav,Beznosov
Arra,Bharadwaj
Steen,Bhattacharjee
Vasilii,Billawala
Nalini,Billawala
Rance,Billingsley
Nigel,Birch
Shin,Birdsall
Xiping,Birdsall
Aria,Birjandi
Huiqun,Birke
Xiahua,Birke
Emdad,Birnbaum
Keiichiro,Birnbaum
Kazuhiro,Birnbaum
Gou,Birnbaum
Niranjan,Biron
IEEE,Biron
Qunsheng,Biros
Irene,Biros
Lokesh,Birsak
Ghassan,Birta
Muneo,Bisiani
Hisao,Blokdijk
Nakhoon,Blokdijk
Kerhong,Blokdijk
Branimir,Bodoff
Hercules,Bodoff
Niranjan,Bodoff
Sachem,Boguraev
Waiman,Boguraev
Shahid,Boissier
Takahito,Bolotov
Alejandra,Bolotov
Tomokazu,Bondorf
Lenore,Bondorf
Cedric,Bonifati
Aloys,Bonifati
Richard,Borovoy
Flemming,Borovoy
Berna,Borovoy
Roselyn,Borovoy
Jinpo,Borstler
Szabolcs,Borstler
Debatosh,Botman
Youjian,Bottner
Kokou,Bottner
Nidapan,Boudaillier
Dante,Boudaillier
Horward,Boudaillier
Christoph,Bouloucos
Samphel,Bouloucos
Arnd,Bouloucos
Thodoros,Boyle
Berto,Brandsma
Mountaz,Bratten
Kazunori,Bratten
Kasturi,Brattka
Cheong,Braunmuhl
Ulf,Braunmuhl
Arup,Brendel
Jungsoon,Brendel
Remmert,Brender
Heping,Brender
Shrikanth,Bressoud
Dipankar,Breugel
Adil,Brickell
Aran,Bridgland
Freyja,Brizzi
Cedric,Brlek
Stein,Broder
Radhia,Brookman
Luigi,Brookner
Lihong,Brookner
Kerryn,Brookner
Zhilian,Brookner
Fumiyo,Bruckman
Leucio,Buchter
Ramya,Buchter
Ayonca,Budinsky
Tomofumi,Budinsky
Ekawit,Budinsky
Heping,Buescher
Breannda,Buescher
Toshimori,Bugrara
Mara,Bugrara
Sanjiv,Bugrara
Yakichi,Bugrara
Mountaz,Bultermann
Sadun,Bultermann
Shigeaki,Bultermann
Leif,Busillo
Karoline,Busillo
Mizuhito,Busillo
Yuriy,Businaro
Elliott,Businaro
Nikolaus,Businaro
Chinhyun,Butner
Zhanqiu,Byoun
Angus,Byoun
Hiroyasu,Byoun
Douadi,Cairo
Angel,Cairo
Nathalie,Cairo
Neelam,Calkin
Kersti,Calkin
Janalee,Callaway
Weijing,Camarinopoulos
Diederik,Camurati
Shai,Cangellaris
Van,Cannane
Chenye,Cannard
Boaz,Cannata
Naftaly,Cannata
Bikash,Cannata
Valdiodio,Capobianchi
Masami,Cappelli
Ferdinand,Cappello
Sadegh,Cappello
Zhenbing,Cappello
DeForest,Cappello
Marla,Carrera
Mona,Carrere
Nobuyoshi,Carrere
Tonia,Casley
Ulf,Chachaty
Conal,Champarnaud
Rosine,Champarnaud
Susanna,Chaudhury
Gregory,Chenney
Weijing,Chenoweth
Miquel,Chepyzhov
Rance,Chepyzhov
Goncalo,Cherinka
Faiza,Cheshire
Jolita,Cheshire
Basant,Cheshire
Oddvar,Chimia
Matt,Chimia
Gen,Chimia
Aloke,Chinal
KayLiang,Chinen
Rance,Chinin
Yahiko,Chinin
Jouko,Chinin
JiYoung,Chinin
Shigehiro,Chiodo
Brewster,Chiodo
Youjian,Chiola
Qingxiang,Chiola
Beshir,Chiola
Danel,Chleq
Marsal,Chleq
Lubomir,Chleq
Chaitali,Chorvat
Martijn,Christ
Candido,Christ
Ortrun,Christianini
Honesty,Chvatal
Renee,Cichocki
Dulce,Cincotta
Rimli,Cincotta
Udi,Ciolek
Fumino,Ciolek
Billur,Claffy
Stella,Claffy
Salvador,Clemencon
Werner,Clemencon
Jouni,Clemencon
Chinhyun,Clouatre
Phuoc,Clouatre
Arif,Clouatre
Hyuncheol,Cochrane
Sachem,Cochrane
Makato,Codenie
Golgen,Codenie
Irena,Codenie
Mitchel,Codenie
Yinlin,Collavizza
Jianwen,Colorni
Adamantios,Colorni
Marin,Compeau
Deniz,Comyn
Shan,Comyn
Kwangsub,Conde
Houman,Condotta
Mohua,Condotta
Chrisa,Condotta
Filipe,Condotta
Baziley,Constantine
Gopalakrishnan,Conta
Sachin,Conte
Guttorm,Conti
Flemming,Cooke
Seshu,Cooke
Radhakrishnan,Cooley
Gro,Cooley
Along,Cools
Maya,Cools
Charlene,Cooman
Moheb,Cooman
Hideo,Cooman
Tesuya,Coombs
Shmuel,Coombs
Masako,Coombs
Woody,Copas
Mountaz,Copas
Shao,Copas
Shim,Copas
Xiong,Copas
Kiyokazu,Copas
Ayonca,Couchot
Abdulah,Covnot
Guozhong,Covnot
Ramzi,Crabtree
Sarita,Crelier
Paraskevi,Cromarty
Xiaoqiang,Cromarty
Marsha,Cromarty
Yishay,Cronan
Taisook,Cronan
Youjian,Cronau
Chenye,Cronin
Roded,Crouzet
Owen,Crouzet
Sorina,Crouzet
Kazunori,Cummings
Murthy,Cunliffe
Weiye,Cunliffe
Florina,Curless
Goetz,Curless
Tayeb,Curless
Faiza,Curless
Neven,Cyne
Hatim,Czaja
Gro,Czap
Abdelaziz,Czap
Marit,Czap
Takahira,Daescu
Uriel,Daescu
Tiina,Daescu
Jayesh,Dahlbom
Vugranam,Dalphin
Arch,Dalphin
Kazuhira,Danecki
Urs,Danley
Lakshmi,Danlos
Nathalie,dAstous
Debatosh,Dayana
Matk,Debuse
Oguz,Decaestecker
Herbert,Decaestecker
Nevio,Dechter
Mostafa,Dechter
Hatsukazu,Decleir
Mary,Decleir
Zhensheng,Dehkordi
Genki,Delaune
Jovan,Delgrande
King,Demeyer
Vivian,Demian
Krassimir,Demizu
Shaleah,DeMori
Pranay,DeMori
Martine,Demos
Terresa,Demri
Florina,Demri
Elvis,Demri
Anyuan,Dengi
Shigeaki,Denis
Malu,Denis
King,Denna
Shugo,Denna
Amstein,Denny
Vatsa,Denny
Weiyi,Denny
Sanjeeva,Denos
Hercules,Denti
Krister,Denti
Shao,Desikan
Kousuke,Desikan
Oddvar,Desikan
Paris,Detkin
Magy,Detkin
Ottavia,Deville
Naftali,Deville
Rosalie,Deville
Lucian,Dichev
Masali,Dichev
Jayesh,Diderrich
Zine,Diderrich
Golgen,Diderrich
Toney,Diderrich
Ortrud,Diderrich
Youjian,Diderrich
Zdislav,DiGiano
Breannda,DiGiano
Shaunak,DiGiano
Giordano,Docker
Limsoon,Doering
Saeed,Doering
Qiwen,Dolinsky
Yongdong,Dolinsky
Shugo,Domenig
Zine,Douceur
Alain,Dratva
Akhilish,Dratva
Almudena,Dratva
Manton,Dratva
Mingzeng,Dratva
Mostafa,Dredge
Fabrizio,DuBourdieux
Jeanne,DuCasse
Aiichiro,Ducloy
Chenye,Ducloy
Hongzhu,Dulin
Amalendu,Dulin
Cullen,Dulli
Goh,Dulli
Kauko,Dusink
Junsik,Eastman
Ohad,Eastman
Gay,Ebeling
Kien,Ecklund
Angel,Edelhoff
Nikolaus,Edelhoff
Lucien,Egerstedt
Basem,Eickenmeyer
Chenye,Eickenmeyer
Keung,Eickenmeyer
Francoise,Einsfeld
Sham,Einsfeld
Shahab,Eiron
Shugo,Eiter
Chriss,Eiter
Adhemar,Eiter
Aloys,Eldridge
Ayakannu,Eldridge
Zhigen,Emden
Kannan,Emiris
Zdislav,Emiris
Sastry,Emiris
Pantung,Emmart
Ingemar,Emmart
Zhongwei,Emmerich
Shimshon,Emmerich
Avishai,Encarnacion
Krassimir,Encarnacion
Shan,Encarnacion
Giao,Engberts
Khosrow,Engberts
Nathan,Engelmann
Jackson,England
Tsvetan,Erbe
Denis,Erbe
Stamatina,Erde
Yongmao,Erdi
Kazuhiro,Erdi
Eirik,Erdmenger
Chenxi,Erdmenger
Shaz,Erdmenger
George,Erdmenger
Gil,Erev
Nikolaus,Erez
Manohar,Erez
Golgen,Erez
Bernt,Erie
Aamer,Ermel
Horward,Erni
Maia,Erni
Maik,Ernst
Muzhong,Erol
Fabrizio,Erol
Dhritiman,Erol
Baziley,Erol
Tokuyasu,Ertl
Poorav,Esposito
Manibrata,Eterovic
Ulises,Facello
Urs,Fairtlough
Gao,Fairtlough
Cristinel,Fairtlough
Chaitali,Fairtlough
Iara,Falby
Shigehito,Falby
Patricio,Falby
Mahendra,Falck
Tooru,Falco
Marsja,Falster
Takanari,Famili
Boaz,Fandrianto
Divier,Farrag
Lene,Farrag
Nectarios,Farrag
Parviz,Farrar
Vojin,Farrar
Chiranjit,Farrow
Gennadi,Fasbender
Trygve,Feinberg
Maia,Feinberg
Adit,Felcyn
Josyula,Felcyn
Shuji,Felder
Murthy,Felder
Mabo,Felder
Hidde,Felder
Shih,Feldhoffer
Aleksandar,Feldhoffer
Sangeeta,Feldmann
Boalin,Feldmann
Sreekrishna,Fendler
Yefim,Ferretti
Shin,Ferretti
Reinhard,Fetvedt
Filipp,Fetvedt
Adas,Fetvedt
Palash,Fiebach
Uzi,Fioravanti
Shay,Fiutem
Debatosh,Flowers
Yinlin,Flowers
Supot,Flowers
Hirochika,Flowers
Yuichiro,Flowers
Gro,Flowers
Zhiwei,Fontan
Munehiko,Fontan
Zengping,Fontet
Weiru,Fontet
Kristine,Foong
Yishai,Foote
Moss,Foote
Anyuan,Fordan
Heng,Fortenbacher
Vincent,Fraisse
Denis,Fraisse
Tran,Francisci
Taisook,Francisci
Mayuri,Francisci
Yuguang,Fritzsche
Stepehn,Fritzsche
Kotesh,Fritzsche
Mikhail,Frolund
Kersti,Fujisaki
Kasidit,Fujisawa
Girolamo,Fujisawa
Nectarios,Fujisawa
Mitchel,Furedi
Shuichi,Furudate
Felicidad,Furudate
Van,Furudate
Boriana,Gajiwala
Kaijung,Gargeya
Takahira,Gargeya
Fox,Gargeya
Poornachandra,Garigliano
Moto,Garigliano
Dinah,Garigliano
Sadok,Garnham
Aleksander,Garnham
Fun,Garnier
Huai,Garnier
IEEE,Garrabrants
Aloys,Gecseg
Adamantios,Gecsei
Arie,Gecsei
Vasilis,Gecsei
Armond,Geffroy
Masaki,Gelosh
Shen,Genin
Akeno,Gente
Uriel,Gente
Jianwen,Gente
Clyde,Georgakopoulos
Randy,Georgatos
Indrajit,Gerlach
Luise,Gerlach
Samphel,Gerlach
Basant,Gerteisen
Jeanna,Ghalwash
Gritta,Ghandeharizadeh
Mohammad,Ghandeharizadeh
Zine,Ghazalie
Gadiel,Ghelli
Luisa,Ghelli
Eckart,Ghemri
Dines,Giaccio
Alper,Giaccio
Xinyu,Gide
Jacqueline,Gide
Tomofumi,Gide
Thodoros,Gien
Yifei,Gien
Jaques,Gien
Kristian,Gihr
Armond,Gihr
Naftaly,Gihr
Katsuo,Gilg
Yannik,Gilg
Sailaja,Gill
Genevieve,Gill
Sachio,Gils
Niranjan,Gils
Shmuel,Gils
Boutros,Gimarc
Itzchak,Gimbel
Florian,Gimbel
Shem,Ginesta
Mohamadou,Gini
Jayson,Ginneken
Godehard,Gips
Theirry,Gischer
Dhritiman,Giveon
Gunilla,Gladwell
Hironoby,Glinert
Mary,Glinert
Ennio,Glowinski
Yonghong,Glowinski
Subhash,Gniady
Barry,Godskesen
Ziva,Goldhammer
Fabrizio,Goldhammer
Moie,Goldhammer
Kamran,Gomatam
Jayesh,Gomatam
Xiaoqiu,Gonthier
Martins,Gonthier
Hatem,Goodrum
Masadi,Goodrum
Taiji,Goodrum
Vasilii,Grabner
Suebskul,Grandbois
Anestis,Granlund
Shigehiro,Granlund
Charmane,Griswold
Conor,Griswold
Dipayan,Gruenwald
Satoru,Gruenwald
Huei,Gruenwald
Goa,Guardalben
Eberhardt,Guardalben
Claudi,Gubsky
Luisa,Gubsky
Eberhardt,Gubsky
Ranan,Guenter
Sukumar,Guerreiro
Sarita,Gulak
Tristan,Gulik
Kwan,Gulik
Junsik,Gulik
Zhanqiu,Gulik
Hyuncheol,Gunderson
Ramalingam,Gunderson
Peternela,Gurbaxani
Subbu,Gurbaxani
Kazuhito,Gurbaxani
Rasiah,Gurbaxani
Muzhong,Gustavson
Mototsugu,Gustavson
Vincent,Guting
Arumugam,Guting
Radhika,Gyimothy
Make,Gyorkos
Seongbae,Haddadi
Kendra,Haddadi
Yuguang,Hagimont
Renee,Hainaut
Giap,Haldar
Xiaoheng,Halevi
Siamak,Hambrick
Billie,Hambrick
Vasilis,Hambrick
Nalini,Hambrick
Genta,Hammerschmidt
Vidya,Hanabata
Yakkov,Haraldson
Takahito,Hardjono
Chaosheng,Harllee
Jiakeng,Harllee
Alselm,Harnett
Martien,Hartvigsen
Xuedong,Hartvigsen
Shuzo,Hasenauer
Mihalis,Hasham
Marke,Hasham
Jongsuk,Hatcliff
Weicheng,Hatcliff
Uli,Hatcliff
Alper,Hebden
Zdislav,Hedayat
Genki,Heemskerk
Sampalli,Heemskerk
Masato,Heering
Masasuke,Heering
Laurentiu,Heering
Reuven,Heijenga
Masaru,Heinisuo
Yuping,Heiserman
Eldridge,Heiserman
Godehard,Heiserman
Mitchel,Hellwagner
Laurentiu,Hellwagner
Girolamo,Henders
Jeanne,Henders
Uzi,Henders
Eishiro,Hennebert
Mayumi,Hennings
Kensei,Heping
Paloma,Heping
Goetz,Herath
Bikash,Herath
Martine,Herber
Sorina,Herber
Zeljko,Herbst
Sreekrishna,Hertweck
Shrikanth,Hettesheimer
Tadahiro,Hettesheimer
Jinya,Heusch
Adhemar,Heusch
Tomofumi,Heuser
Yongmao,Heuser
Youpyo,Heydon
Martine,Heydon
Oguz,Heydon
Basant,Heydon
Kaijung,Heydon
Masako,Heystek
Yongmao,Hiltgen
Hongzue,Himler
Roddy,Himler
Nechama,Himler
Emdad,Himler
Serenella,Hiraishi
Richard,Hiroyama
Ibibia,Hiroyama
Joydip,Hitomi
Sven,Hitomi
Weicheng,Hitomi
Hirochika,Hiyoshi
Hugo,Hmelo
Masami,Hockney
Bader,Hockney
Shuky,Hofman
Udaiprakash,Hofman
True,Hofman
Hatim,Hofman
Adas,Hofmeyr
Sigeru,Hofstetter
Barry,Hofstetter
Khosrow,Hofting
Arlette,Homond
Sushant,Honiden
Claudi,Honiden
Vasilis,Honiden
Ymte,Hoogerwoord
Shem,Hooghiemstra
Elrique,Hooghiemstra
Erzsebet,Hooghiemstra
Bingning,Hopewell
Aral,Hoppenstand
Lidong,Horswill
Shigehito,Huhdanpaa
Goo,Huhdanpaa
Naftali,Huttel
Krister,Huttel
Xudong,Huttel
Mountaz,Huttel
Gadiel,Hutter
Gill,Hutter
Jackson,Huxford
Theron,Huxford
Katsuo,Huxford
Gro,Iacovou
Taiji,Iacovou
Khedija,Iacovou
Ingmar,Iacovou
Naraig,Iacovou
Jovan,Iacovou
Kristine,Iacovou
Teunis,Iacovou
Constantino,Ibel
Shao,Ibel
Malu,Ibel
Panayotis,Ibel
Mechthild,Ibel
Akeel,Ibel
Eben,Iisaku
Candida,Iisaku
Yinlin,Iivonen
Suvo,Iivonen
Angel,Iivonen
Bodo,Iivonen
Saddek,Imataki
Domenico,Imataki
Mang,Imataki
Ottavia,Impagliazzo
Badri,Impagliazzo
Piyush,Impagliazzo
Gad,Impagliazzo
Ingmar,Irland
Valdiodio,Irland
Tristan,Isaac
Kamran,Isaak
Krister,Isard
Bokyung,Isard
Ingmar,Isard
Jouko,Isard
Brigham,Isard
Jianhua,Ishibashi
Chuanti,Ishibashi
Theron,Itschner
Trygve,Itschner
Satyanarayana,Itschner
Shaz,Itschner
Ute,Itzfeldt
Tsutomu,Itzfeldt
Matk,Itzfeldt
Clyde,Itzfeldt
Shuky,Itzigehl
Sashi,Itzigehl
Maik,Jahnichen
Mahendra,Janetzko
Licheng,Janetzko
Cheong,Janetzko
Guozhong,Janetzko
Mansur,Janocha
Xinan,Janocha
Breannda,Janocha
Zongyan,Jansen
Shem,Jayawardene
Zongyan,Jayawardene
Bikash,Jayawardene
Sergi,Jenevein
Renee,Jenevein
Guangming,Jenevein
Zsolt,Jervis
Shiv,Jiafu
Masaru,Jiang
Huiqun,Jiang
Chikako,Jiang
Alejandra,Jiang
Mark,Jonsson
Youssef,Jording
Matt,Jording
Shigeaki,Joslin
Vishv,Joslin
Pranav,Joslin
Maria,Jullig
Carrsten,Jullig
Shaw,Juneja
Sastry,Junet
Georgy,Junet
Doohun,Junet
Boaz,Junet
Ibibia,Junet
Arnd,Junot
Mohamadou,Junot
Niteen,Kadhim
Alassane,Kadhim
Marsal,Kading
Jolita,Kading
Weiru,Kaelbling
Basil,Kaelbling
Toong,Kaelbling
Ymte,Kaelbling
Serap,Kaiser
Yucel,Kaiser
Shawna,Kakkad
Maja,Kakkad
Sumant,Kakkar
Keiichiro,Kalefeld
Ishfaq,Kalloufi
Takushi,Kalloufi
Frazer,Kalorkoti
Tru,Kalorkoti
Navid,Kalorkoti
Adas,Kalorkoti
Hongzhu,Kalsbeek
Alain,Kalsbeek
Snehasis,Kalsbeek
Reinhard,Kaltofen
Mokhtar,Kaltofen
Moriyoshi,Kamber
Subhada,Kambil
Arra,Kambil
Lansing,Kambil
Tamiya,Kambil
Yinlin,Kamble
Mariusz,Kamble
Bezalel,Kamble
Adin,Kaminger
Zhenhua,Kampfer
Angel,Kampfer
Maja,Kampfer
Shiv,Karcich
Tran,Katalagarianos
Magdalena,Katalagarianos
Emdad,Katzenelson
Alois,Kavanagh
Aleksander,Kavraki
Garnet,Kavraki
Alexius,Kavraki
Sastry,Kavraki
Waiman,Kavraki
Chanjung,Kavvadias
Moheb,Kavvadias
Arto,Kawashimo
Jaihie,Keirsey
Goo,Keirsey
Jahangir,Kemmerer
Adit,Kemmerer
Kristinn,Kemmerer
Munenori,Kenevan
JiYoung,Keohane
Badri,Keohane
Brewster,Keohane
Eben,Kermarrec
Pintsang,Keustermans
Shigeichiro,Khalid
Geoffry,Khalid
Gor,Khalid
Moheb,Khalid
Becky,Khalil
George,Khalil
Angus,Khalil
Shuho,Khamsi
Freyja,Khamsi
Youpyo,Khasidashvili
Ioana,Khasidashvili
Dinah,Khasidashvili
Aris,Khasidashvili
Michaela,Khasidashvili
Sadok,Kilgore
Georgy,Kilgour
Jungsoon,Kinley
Tadahiro,Kisuki
Adam,Kisuki
Manton,Kitai
Geoffry,Kitai
Chikara,Kitsuregawa
Naftaly,Klassen
Akeel,Kleiser
Valery,Klerer
Lucian,Klerer
Chinhyun,Klyachko
Werner,Knightly
Chirstian,Kobara
Leszek,Koblick
Laurentiu,Koblitz
Gilbert,Koblitz
Abdelwaheb,Koblitz
Heather,Koblitz
Hidefumi,Kobuchi
Keiichiro,Kobuchi
Yuqun,Kobuchi
KayLiang,Kolinko
Piyawadee,Kolinko
Aiman,Kolinko
Yuping,Kolvik
Licheng,Koprowski
Aimee,Kornatzky
Rosli,Kornatzky
Constantine,Kornatzky
Huan,Koshiba
Lenore,Kossowski
Sanjeeva,Kowalchuk
Syozo,Koyama
Yurii,Kragelund
Huiqun,Kranzdorf
Torsten,Krichel
Golgen,Krichel
Radoslaw,Krichel
Qiwen,Kriebel
Nevio,Kroft
Abdulah,Kroft
Shaowen,Krogh
Reinhard,Krohn
Dante,Krone
Danil,Kroon
Mohit,Kroon
Alenka,Kropp
Renee,Kropp
Zengping,Kruskal
Suzette,Kruskal
Gad,Kruskal
Phule,Krzyzanowski
Guttorm,Kugler
Adel,Kuhnemann
Zhiwei,Kuhnemann
Toong,Kuhnemann
Karlis,Kulisch
Arno,Kumaresan
Pradeep,Kumaresan
Gay,Kumaresan
Moriyoshi,Kumaresan
Kauko,Kusakabe
Karoline,Kusalik
Pradeep,Kushnir
Owen,Kushnir
Shih,Kuszyk
Toshimori,Kuszyk
Dante,Kuzuoka
Candida,Kuzuoka
Xuejia,Kuzuoka
Nobuyoshi,Kuzuoka
Abdulla,Lagarias
Tsuneo,Lagarias
Yunming,Lakshmanan
Panayotis,Lamba
Kersti,Lambe
Niranjan,Lamma
Nalini,Lamma
Miyeon,Lammel
Sandeepan,Lammel
Arvind,Lammel
Masadi,Lammel
Jianhui,Lammel
Khoa,Lamparter
Annemarie,Langford
Phillip,Langford
Shigeu,Langford
Mayumi,Langford
Mariusz,Langford
Gopalakrishnan,Lanphier
Lorien,Lanteri
Yannis,Lanzelotte
Michaela,Larfeldt
Matk,Larfeldt
Nikolaos,Laventhal
Matt,Leaver
Shuichi,Leijenhorst
Bokyung,Leivant
Ronghao,Lemarechal
Hitofumi,Lenart
Vidya,Leppanen
Masako,Leppanen
Lorien,Leslie
Anneke,Leslie
Sergi,Leslie
Weicheng,Leslie
Zhongwei,Leuchs
Apostol,Leuchs
Tse,Leuchs
Gad,Levasseur
Premal,Levergood
Gad,Lichtman
Khatoun,Lichtman
Masanao,Lichtner
Manibrata,Lieberherr
Shan,Lieblein
Shirish,Lieblein
Willard,Liedekerke
Sudhanshu,Liesche
Krisda,Ligten
Chirstian,Ligten
Fai,Ligten
Mary,Linares
Mizuhito,Lindenbaum
Odoardo,Lindenbaum
Nevio,Lindqvist
Goh,Linnainmaa
Harngdar,Lipner
Thodoros,Lipner
Xiahua,Litvinov
Marjo,Litvinov
Baziley,Litvinov
Mizuhito,Litvinov
Akemi,Litzkow
Aamod,Llado
Frazer,Lodder
Piyawadee,Lodder
Waiman,Lodder
Fox,Lodder
Sedat,Loncour
Maya,Loncour
Zongyan,Loncour
Rosella,Lorch
Honglan,Lorcy
Ennio,Lorcy
Amstein,Lores
Denny,Lorho
Inderjeet,Lorho
Yagil,Lorie
Arvin,Lorie
Vincent,Lortz
Ibibia,Lortz
Jouko,Lortz
Sadok,Lorys
Uta,Lowrie
Kamakshi,Lowrie
Kagan,Luan
Mechthild,Lubachevsky
Richard,Lubachevsky
Bedrich,Lubachevsky
Pranjal,Luca
Salvador,Luca
Murthy,Luca
Prodip,Luca
KayLiang,Luca
Doowon,Luce
Mona,Luck
Kousuke,Luck
Shin,Luck
Vasilii,Luck
Basem,Luck
Marsja,Luders
Sachin,Luders
Kristine,Luders
Sanjai,Luders
Zejun,Luef
Yefim,Luef
Baziley,Luef
Koichi,Lueh
Valeri,Luff
Vugranam,Luft
Bedrich,Luft
Yinghua,Luga
Feiyu,Luit
Yechiam,Luit
Yishai,Luiz
Oksana,Luiz
Shaowei,Luiz
Yannik,Lukaszewicz
Pragnesh,Lukaszewicz
Branimir,Luks
Heon,Lund
Martins,Lundstrom
Lech,Lung
Tooru,Lung
Kwangsub,Lunn
Zsolt,Lunn
Vatsa,Lunn
Mansur,Lunt
Bangqing,Lunt
Patricio,Luon
Duri,Luon
Gaurav,Lupu
Bingning,Lupu
Genta,Lyonns
Jessie,Macedo
Aksel,Maginnis
Marsal,Magliocco
Anneli,Mahmud
Yurij,Mahmud
Kristinn,Mahmud
Mingzeng,Mahmud
Gurbir,Mahnke
Jouni,Mahnke
Eberhardt,Maierhofer
Luerbio,Majewski
Chirstian,Majewski
Mart,Makrucki
Subhash,Maksimenko
Frederique,Malabarba
Toney,Maliniak
Vojin,Maliniak
Mechthild,Maliniak
Paddy,Maliniak
Percy,Maliniak
Samphel,Malinowski
Taiji,Malinowski
Yannis,Mandell
Zvonko,Mandell
Boriana,Manderick
Zhenhua,Manders
Chuanyi,Manders
Bogdan,Mapelli
Yinghua,Maraist
Sampalli,Maraist
Yuguang,Marakhovsky
Fay,Marciano
Odoardo,Markovitch
Joydip,Marrakchi
Abdelkader,Marrakchi
Tua,Marrakchi
Radoslaw,Marshall
Nirmal,Marsiglia
Valdiodio,Marwedel
Chirstian,Marwedel
Martial,Marwedel
Urs,Marwedel
Susanna,Marzano
Wanqing,Masada
Zvonko,Masaki
Aris,Masaki
Aleksandar,Masand
Huiqun,Massonet
Poorav,Mateescu
Cedric,Mateescu
Danae,Matheson
JoAnne,Matheson
Lijia,Matteis
Randi,Mattern
Jouni,Matzat
Krassimir,Matzat
Ingemar,Matzke
Takahiro,Matzov
Lunjin,Matzov
Arto,Matzov
Felicidad,Mawatari
Demos,Mayerwieser
Junichi,Mayerwieser
Baoqiu,Mayerwieser
Boguslaw,Mayerwieser
Tetsushi,McAffer
Zsolt,McAffer
Mohit,McAffer
JoAnne,McAlpine
Mori,McClurg
Remmert,McClurg
Waiman,McFarlan
Kousuke,McFarlin
Ung,McFarlin
Dharmaraja,Mellouli
Elvis,Melton
Mingsen,Melton
Nikolaus,Melton
Arunachalam,Melton
Monique,Menhardt
Parto,Menhardt
Utz,Menhardt
Feipei,Menhardt
Cathie,Menhoudj
Rildo,Menhoudj
Hongzhu,Menyhert
Kayoko,Menyhert
Leaf,Menyhert
Sachem,Merey
Lidong,Meriste
Shmuel,Meriste
Aris,Merkl
Ferdinand,Merks
Berry,Merks
Maik,Merle
Mayuri,Merlo
Slavian,Merro
Shih,Merro
Fumitaka,Merro
Saeed,Mersereau
Naraig,Mersereau
Shaowen,Miake
Abdulla,Miara
Marsha,Michaels
Maria,Michaels
Heng,Miculan
Sudharsan,Miculan
Danai,Middleton
Billie,Middleton
Vivian,Minakawa
Georgy,Mitchem
Brigham,Mitina
Seshu,Mitina
Gurbir,Mitina
Eishiro,Mitina
Seongbin,Mitsuhashi
Menkae,Mitzlaff
Mona,Mitzlaff
Goa,Miyakawa
Chikako,Moehrke
Mohammed,Moehrke
Yaghout,Moffat
Marsal,Molberg
Douadi,Molberg
Lihong,Molenaar
Jungsoon,Molenkamp
Zhongwei,Molenkamp
Nimmagadda,Monarch
Faiza,Mondadori
Yongmao,Mondadori
KayLiang,Mondadori
Nitsan,Monkewich
Dayanand,Morrey
Alassane,Morrey
Aria,Morrin
Boguslaw,Morris
Munir,Morris
Zhongwei,Morris
Jianhao,Morrow
Yunming,Muchinsky
Jiang,Muchinsky
Hiroyasu,Muhlberg
Vincent,Muhlberg
Gio,Muhling
Honesty,Mukaidono
Pasqua,Mukaidono
Guoxiang,Munch
Radhakrishnan,Mungall
Nobuyoshi,Mungall
Boriana,Mungall
Brewster,Mungall
Jenwei,Munke
Toong,Munoz
Hyuncheol,Munro
Zhanqiu,Muntz
Yongmao,Muntz
Anneli,Murillo
Arra,Murillo
Harjit,Murrill
Yaghout,Murrill
Girolamo,Murrill
Christ,Murtagh
Badri,Murtha
Aiichiro,Murtha
Lucien,Murtha
Shih,Nanard
Munehiro,Nannarelli
Temple,Narahara
Hsiangchu,Narahara
Shawna,Narahara
Khalid,Narahari
Randy,Narahari
Sigeru,Narlikar
Vishwani,Nastansky
Shaowei,Nations
Eckart,Nations
Sanjoy,Nations
Uinam,Nations
Sumant,Naudin
Toney,Naudin
Niteen,Naumovich
Kensei,Negoita
Aemilian,Negoita
Aris,Negoita
Kasturi,Neiman
Fan,Neiman
Guozhong,Neiman
Jaroslava,Neimat
Roddy,Neimat
Premsyl,Nergos
Shimshon,Nergos
Shay,Nergos
Danny,Nicolson
Muzhong,Niizuma
Ravishankar,Nilsson
Marsal,Nishimukai
Irena,Nitsch
Fumiyo,Nitsche
Chuanti,Nitsche
Masami,Nitta
Halsur,Nittel
Vidar,Nitto
Feipei,Nollmann
Yefim,Nollmann
Marek,Nooteboom
Subir,Noriega
Deniz,Noriega
Weiye,Norsworthy
Radhia,Nyanchama
Sachin,Nyanchama
Kotesh,Oaver
Shen,Oaver
Jianhao,Oberman
Nalini,Oehlmann
Jagoda,Ohori
Nobuyoshi,Olivero
Zine,Onuegbe
Sham,Openshaw
Piyawadee,Openshaw
Adhemar,Oppitz
Aimee,Orlowska
Shridhar,Orlowska
Shunichi,Orsini
Christfried,Orsini
Margareta,Osgood
Heeju,Osgood
Taiji,Oskamp
Xianlong,Oskamp
Chriss,Ossenbruggen
Angel,Ossenbruggen
Honglan,Otillio
Serenella,Oxenboll
Horward,Oxman
Zhenbing,Oxman
Rimon,Ozeki
Zhongwei,Ozeki
Alper,Ozeri
Hinrich,Ozeri
Chaosheng,Ozery
Nectarios,Paciorek
Denis,Paciorek
Wonhee,Pagter
Becky,Paludetto
Mats,Panangaden
Kasturi,Panienski
Susanta,Panwar
Junsik,Panwar
Shahid,Papadias
Kenton,Papadias
Aris,Pappas
Kerhong,Pappas
Steen,Pappas
Olivera,Papsdorf
Krisda,Papsdorf
Xuejun,Papsdorf
Jingling,Pardalos
Mostafa,Pardalos
Weiwu,Pardalos
Sreenivas,Parfitt
Tooru,Parfitt
Masako,Pargas
Chiradeep,Parhami
Kinh,Parhami
Deniz,Parhami
Giap,Pashtan
Xianlong,Pashtan
Noritoshi,Pashtan
Sakthirel,Pashtan
Pranay,Passino
Jiann,Pauthner
Marjo,Pauthner
Kristof,Pavlopoulou
Valdiodio,Pavlopoulou
Conrado,Pavlopoulou
Slavian,Peac
Jiang,Peac
Przemyslawa,Peak
Gilbert,Pearson
Shugo,Peck
Zorica,Peck
Wojceich,Peek
Arch,Peek
Chinhyun,Peek
Nathalie,Peek
Jeong,Peha
Shigehito,Peha
Mart,Peha
Parto,Pehl
Aron,Pehl
DAIDA,Pehl
Stella,Pelc
Shigenori,Pelc
Willard,Pelc
Howell,Pell
Teruyuki,Pellegrinelli
Aleksander,Pellegrinelli
Moty,Pellegrinelli
Nectarios,Peltason
Charmane,Peltason
Zhilian,Pelz
Ghassan,Pena
Bedrich,Penn
Lene,Penttonen
Sahrah,Penz
Ramachenga,Peot
Radhakrishnan,Peot
Gian,Pepe
Zhigen,Pepe
Nathalie,Pepe
Heekeun,Pepe
Vincent,Peral
Sumali,Percebois
Shalesh,Perelgut
Kazuhisa,Perelgut
Akeno,Perelgut
Mario,Perfilyeva
Menkae,Perin
Chaosheng,Perin
Bingning,Perin
Georg,Peris
Marjo,Perko
Marit,Perl
Shuichi,Perl
Akhilish,Perly
Danil,Perna
Djenana,Peron
Candido,Peroz
Marlo,Peroz
Fumiko,Perry
Stella,Perry
Jianhao,Perry
Gita,Pesch
Tokuyasu,Pesch
Yongmin,Petereit
Honglan,Petereit
Badri,Petereit
Jaideep,Peternell
Hitofumi,Petersohn
Anneli,Pettis
Satyanarayana,Pettis
Nalini,Pettis
Bangqing,Pettit
Byong,Pettit
Kazuhiro,Pews
Arvind,Pews
Eishiro,Pezzoli
Bezalel,Pezzoli
Claudi,Pezzoli
Radoslaw,Pfau
Qingxiang,Piancastelli
Aleksandar,Piazza
Achilleas,Picaronny
Kwangyoen,Picaronny
Duke,Picaronny
Mani,Picaronny
Adel,Picci
Jaber,Picci
Shounak,Picci
Toshimi,Picci
Toshimo,Picco
Navin,Picco
Guttorm,Picht
Pantung,Picht
Masaki,Picht
Hugo,Pietracaprina
Kwangho,Pietrzykowski
Kannan,Pileggi
Hilary,Pileggi
Mostafa,Pillow
Pradeep,Piveteau
Vidya,Piveteau
Ishfaq,Plavsic
Gou,Plessier
Sachio,Plesums
Haldun,Plotkin
Mori,Plumb
Sachio,Pocchiola
Kitty,Poehlman
Duangkaew,Pokrovskii
Hairong,Polajnar
Marsal,Pollacia
Satyanarayana,Pollock
Yaghout,Pollock
Serenella,Pollock
Christfried,Pollock
Khun,Ponthieu
Breannda,Portugali
Gila,Portugali
Lidong,Potthoff
Golgen,Poujol
Mamdouh,Poujol
Shigehito,Poujol
Abdelaziz,Poulakidas
Huan,Poupard
Ingemar,Poupard
Shem,Poupard
Stafford,Pramanik
Constantijn,Pramanik
Deniz,Pramanik
Gianluca,Prampolini
Ishfaq,Prenel
Qiwen,Prenel
Ashish,Preusig
Berni,Preusig
Tetsushi,Prochazka
Cedric,Prochazka
Kristian,Prochazka
Bluma,Prochazka
Shir,Provine
Mizuhito,Puppo
Yunming,Puppo
Kwangjo,Pusterhofer
Doohun,Pusterhofer
Pasqua,Qiwen
Demos,Quadeer
Premal,Quadeer
Heather,Quadeer
Oldrich,Quittner
Yonghoan,Quittner
Fox,Rabejac
Kazuhiko,Rabejac
Toshiki,Raczkowsky
Kerhong,Radivojevic
Luigi,Rahier
Reinhold,Rajala
Sanjeeva,Rajaraman
Fan,Rajaraman
Manu,Rajcani
Yuichiro,Ramaiah
Tuval,Ramaiah
Itzchak,Ramaiah
Subir,Ramaiah
Salvador,Ramalingam
Fay,Ramalingam
Reinhard,Ramamoorthy
Zhilian,Ramamoorthy
Yolla,Ramras
Jingling,Ramsak
Krisda,Ramsay
Chenye,Ramsey
Cheong,Ranai
Guenter,Ranai
Akemi,Ranai
Mitsuyuki,Ranai
Geoffrey,Randi
Fay,Rando
Suvo,Raney
Weiyi,Ranft
Yifei,Ranon
Kristian,Ranst
Nathan,Ranta
Xuedong,Ranta
Make,Ranum
Denis,Ranum
Xiping,Ranze
Munehiko,Ranze
Frazer,Ranze
Remco,Rassart
Tzu,Ratzlaff
Soenke,Ratzlaff
Owen,Ratzlaff
Kayoko,Ravishankar
Izaskun,Redmiles
Nikolaus,Redmiles
Aloke,Reeken
Toshimo,Reghbati
Shaowei,Rehfuss
Yucel,Reinhard
Moheb,Reinhart
Goo,Reinhart
Taizo,Reistad
Frazer,Remmele
DeForest,Remmele
Sverrir,Renear
Luigi,Renear
Miyeon,Ressouche
Gen,Restivo
Shigeaki,Rettelbach
Patricio,Reutenauer
Maja,Riefers
Munenori,Riefers
Kazuhisa,Rijsenbrij
Marsha,Rindone
Jixiang,Rindone
Sachem,Rindone
Prodip,Rissanen
Gian,Rissanen
Gill,Rissanen
Hein,Rissland
Ottavia,Rissland
Yishay,Rissland
Shounak,Rissland
Pramod,Rissland
Matt,Rissland
Florian,Rissland
Hailing,Ritzmann
Djenana,Roccetti
Zhongwei,Roccetti
Hatim,Rodham
Sastry,Rodier
Taegyun,Rodiger
Remco,Rodite
Danny,Rohrbach
Fen,Rohrbach
Emdad,Roison
Maha,Roison
Sangeeta,Rosar
Owen,Rosaz
Sasan,Rosaz
Bartek,Rosaz
Shunichi,Rosca
Serap,Rosca
Boalin,Rosen
Siddarth,Rosen
Abdelaziz,Rosenbaum
Toshimori,Rosenbaum
Saeed,Rosin
Hideo,Rosin
Cedric,Rossi
Shooichi,Rosti
Kristinn,Rotem
Adin,Rotem
Demin,Rotem
Oldrich,Rotem
Sadegh,Rothe
Byong,Rothe
Inderjeet,Rothenberg
Vincent,Rousseau
Maren,Rusmann
Xudong,Rusmann
Zhigen,Rusterholz
Denny,Ruther
Abdelghani,Sabnani
Masako,Sabnani
Katsuyuki,Sadowski
Izaskun,Sadowski
Dietrich,Sadowski
Shuzo,Sadowski
Kwangjo,Sadowsky
Yuqun,Salinas
True,Salverda
Doohun,Salvesen
Franziska,Salvesen
Anyuan,Samarati
Alejandro,Sambasivam
Sedat,Sanella
Miomir,Sankaranarayanan
Charlene,Sankaranarayanan
Kotesh,Saoudi
Marin,Savasere
Nalini,Scallan
Atilio,Schaaf
Aleksander,Schaaf
Chrisa,Schaar
Bokyung,Schaar
Arup,Schaar
Achilleas,Schach
Sadegh,Schade
Fumino,Schahn
Hatem,Schahn
Toshiko,Schapire
Jolita,Schapire
Zengping,Schapire
Khaled,Scharstein
Uri,Scharstein
Oscar,Schauser
Khaled,Schauser
Leni,Schicker
Jianhua,Schicker
Patricio,Schicker
Alair,Schieder
Abdulah,Schiper
Khalid,Schiper
Munenori,Schiper
Yifei,Schiper
Sariel,Schlegelmilch
Xinyu,Schlegelmilch
Lucien,Schlegelmilch
Sakthirel,Schlenzig
Toshiko,Schlenzig
Jiong,Schmezko
Aloke,Schmezko
Jackson,Schmezko
Kazuyasu,Schmiedel
Atreye,Schmiedel
Chandrasekaran,Schmiedel
Domenico,Schmittgen
Dante,Schmittgen
Chinho,Schneeberger
Lijie,Schnelling
Nevio,Schoegge
Suzette,Schreiter
Danco,Schreiter
Macha,Schreiter
Jayesh,Schrift
Suzette,Schrooten
Qingxiang,Schueller
Morrie,Schurmann
Ziya,Schurmann
Candido,Schusler
Phillip,Schusler
Volkmar,Schusler
Rosalyn,Schusler
Sumali,Schusler
Chenyi,Schusler
Constantijn,Schwabacher
Unal,Schwabacher
Sudhanshu,Schwabacher
Shih,Schwaller
Along,Schwartzbauer
Suvo,Schwartzburd
Xianlong,Seghrouchni
Hisao,Seghrouchni
Guenter,Segond
Mamdouh,Segond
Nidapan,Segond
Kamakshi,Selenyi
Guangming,Senzako
Aloys,Senzako
Feiyu,Serdy
Mana,Serot
Nevio,Serra
Kazuyasu,Serre
Billie,Sessa
Phuoc,Sessa
Heping,Sessa
Kristina,Sethi
Kwangsub,Setia
Yuichiro,Setia
Xudong,Setia
Marlo,Setia
Kolar,Setiz
Jahangir,Setlzner
Kauko,Setlzner
Kinh,Setlzner
Masaru,Seuren
Shmuel,Seuren
Kerryn,Sevcikova
Guttorm,Sevcikova
Sivanarayana,Sewelson
Gonzalo,Sewelson
Shim,Sewelson
Khosrow,Sgarro
Jinpo,Sgarro
Sachin,Shackel
Uta,Shackell
Nahid,Shackell
Jordanka,Shanbhogue
Laurentiu,Sherertz
Frederique,Sherertz
Girolamo,Sherertz
Jiang,Shigei
Subhrajyoti,Shigei
Nahid,Shihab
Mary,Shihab
Zhiwei,Shinomoto
Stamatina,Shiratori
Bikash,Shiratori
Richara,Shobatake
Hidde,Shobatake
Christoph,Shokrollahi
Rafols,Shokrollahi
Leon,Showalter
Muneo,Showalter
Sachem,Showalter
Prasadram,Showalter
Aiman,Shrader
Basem,Shumilov
Magy,Sichman
Stella,Sichman
Somnath,Sidhu
Morrie,Sidhu
Toshiko,Sidje
Eberhardt,Sidou
Minghong,Siegrist
Moty,Siepmann
Shigenori,Siksek
Shounak,Siksek
Heejo,Simkin
Amstein,Simmen
Youjian,Simmen
Mingsen,Sinicrope
Srinidhi,Sinicrope
Abdelghani,Sinitsyn
Bernardo,Sinitsyn
Christoph,Siochi
Leen,Siochi
Masaki,Siochi
Irena,Siprelle
Herb,Siprelle
Kauko,Skafidas
Qingxiang,Skogmar
Sanjoy,Slaats
Fumitaka,Slobodova
Shem,Smeets
Weidon,Snedden
Nimmagadda,Soicher
Hugh,Soicher
Uinam,Soicher
Ramachenga,Soicher
Munehiro,Solares
Sudharsan,Solares
Sajjan,Solares
Yuichiro,Sommen
Shen,Sommen
Sudhanshu,Sommer
Kensei,Speek
Wilmer,Speek
Kankanahalli,Speel
Aemilian,Speel
Marlo,Speel
Leszek,Speer
Aksel,Speer
Billie,Speer
Herb,Speer
Garnik,Spell
Shen,Spell
Yongmin,Spelt
Jenwei,Spelt
Arunachalam,Spieker
Premal,Spinelli
Xiping,Spinelli
Neven,Sridhar
Susanta,Staelin
Alexius,Stafford
Seongbin,Stafford
Etsuo,Stamatiou
Radhakrishnan,Stamatiou
Gil,Standera
Cathie,Standera
Mitsuyuki,Stanfel
Shaibal,Stanfel
Lidong,Stanger
Yishai,Stanger
Vishv,Stanger
Chuanti,Stanger
Guther,Stasinski
Muneo,Staudhammer
Lena,Stavenow
Tetsushi,Staylopatis
Mayuri,Staylopatis
Vugranam,Staylopatis
Rasiah,Steenbeek
Toshimitsu,Steinauer
Hairong,Stellhorn
Mong,Stemann
Goa,Stenning
Angus,Stenning
Yuping,Stentiford
Tuval,Stifter
Richard,Stifter
Aimee,Stifter
Yifei,Stiles
Terresa,Stiles
Ranan,Stiles
Jeanna,Strandh
Mokhtar,Straney
Mona,Straney
Shaowei,Stranks
Kien,Strehl
Mantis,Strooper
Neven,Stroustrup
Martina,Stroustrup
Eldridge,Stroustrup
Moni,Stroustrup
Izaskun,Sudbeck
Tadanori,Sudbeck
Shooichi,Sudkamp
Waiman,Sudkamp
Bodo,Sudkamp
Subir,Suessmith
Gad,Sundgren
Lubomir,Suomi
Sariel,Suomi
Parke,Suppi
Lokesh,Suppi
Arun,Suppi
Xinglin,Suri
Rosita,Sury
Shrikanth,Suwa
Dines,Swab
Geoff,Swan
Zejun,Swick
Lunjin,Swick
Uzi,Swick
Sham,Swift
Jinxi,Swift
Falguni,Swiler
Alper,Syang
Xiaocheng,Syang
Aemilian,Syrzycki
Khun,Syrzycki
Willard,Szemeredi
Mitsuyuki,Szilard
Avishai,Szmurlo
Chriss,Tagansky
Greger,Takanami
Gunilla,Takkinen
Radhia,Talmon
Eran,Talmor
Anneli,Talmor
Vojin,Talmor
Giao,Taneja
Yefim,Taneja
Werner,Taneja
Gila,Taneja
Lalit,Tanemo
Dung,Tanemo
Nadjib,Taubenfeld
Maria,Taubenfeld
Filipp,Taubenfeld
Florina,Tchuente
Abdelkader,Tchuente
Brigham,Teitelbaum
Aksel,Teitelbaum
Hitomi,Terkki
Val,Terwilliger
Shir,Terwilliger
Hironoby,Tetzlaff
Chenxi,Thambidurai
Juichirou,Thambidurai
Uma,Thebaut
Alagu,Thebaut
Gaetan,Thibadeau
Patricio,Thimonier
Arch,Thimonier
Arto,Thimonier
Niteen,Thimonier
Anoosh,Thiran
Jessie,Thiran
Guiseppe,Thisen
Maren,Thombley
Kokou,Thorelli
Geraldo,Thorelli
Aemilian,Thorensen
Aloys,Thummel
Hidde,Thummel
Lokesh,Tibblin
Steve,Tibblin
Felicidad,Tibblin
Shirish,Tischendorf
Basim,Tischendorf
Xiaoqiang,Tischendorf
Moriyoshi,Tischendorf
Krister,Tischendorf
Anneke,Tomescu
Emdad,Trachtenberg
Chinho,Trachtenberg
Ewing,Trachtenberg
Tzu,Tramer
Monique,Tramer
Mechthild,Trelles
Rosli,Trelles
Tze,Trelles
Mohan,Trumbly
Sailaja,Trumbly
Uzi,Trystram
Berthier,Trystram
Niteen,Tsukuda
Sukumar,Tsukuda
Unal,Tsunoo
Yagil,Turnbull
Paloma,Tyugu
Marlo,Tyugu
Sanjoy,Tzvieli
Shaunak,Tzvieli
Paddy,Uchoa
Kankanahalli,Uehara
Bedir,Uehara
Danel,Uehara
Kazuhide,Uehara
Youssef,Uhrig
Moon,Uhrik
Premal,Uhrik
Mohammad,Ullian
Reuven,Uludag
Maik,Undy
Yefim,Undy
Oldrich,Unni
Takanari,Unni
Moss,Usdin
Patricio,Usdin
Chaoyi,Ushiama
Mototsugu,Vakili
Apostol,Vakili
Adin,Valette
Mori,Valiente
Ghassan,Valiente
Waiman,Valiente
Zito,Valiente
Shih,Valiente
Lucian,Vanwelkenhuysen
Jeong,Vanwelkenhuysen
Kazuhide,Vanwelkenhuysen
Dietrich,Vanwelkenhuysen
Youssef,Varker
Nahid,Varker
Ebru,Varley
Thodoros,Vasanthakumar
Munenori,Vasanthakumar
Kazuyasu,Vasanthakumar
Fai,Vecchi
Piyawadee,Vecchio
Hidde,Veccia
Sudharsan,Veccia
Dines,Veeraraghavan
Udo,Velardi
Domenick,Velasco
Tuval,Veldwijk
Takahiro,Veldwijk
Youpyo,Veldwijk
Tesuya,Vendrig
Maha,Ventosa
Ulf,Ventosa
Christoph,Ventosa
Niteen,Ventosa
Moriyoshi,Ventosa
Youjian,Verhaegen
Florina,Verhoeff
Kamakshi,Verhoeff
Marsja,Vernadat
Mabo,Verspoor
Mayuko,Vesel
Jiang,Vesel
Bezalel,Vesna
Inderjeet,Vickson
Sailaja,Vickson
Shigeu,Vidal
Hyuckchul,Viele
Ipke,Vieri
Magy,Vieri
Filipp,Vieri
Vitali,Vieri
Miomir,Vigier
Angel,Vilarrasa
Randy,Vrecion
Piyawadee,Vural
Eran,Vural
Sungwon,Vural
Radhia,Vuskovic
Gil,Waeselynck
Yakichi,Waeselynck
Fai,Waleschkowski
Ekawit,Waleschkowski
Masoud,Wallrath
Tamiya,Walston
Jingling,Walston
Adil,Walstra
Ziyad,Walstra
Satosi,Warwick
Limsoon,Warwick
Adas,Warwick
Akemi,Warwick
Guther,Waschkowski
JoAnne,Waterhouse
Nechama,Waymire
Valdiodio,Weedman
Gay,Weedman
Brigham,Weedon
Conor,Wegerle
Hercules,Weiland
Takahito,Weisert
Jingling,Weisert
Hirochika,Weisert
Paloma,Weisert
Kankanahalli,Wendorf
Sukumar,Werthner
Lucian,Werthner
Shem,Whitcomb
Oldrich,Whitcomb
Xiahua,Whitcomb
Marsha,Wielonsky
Neelam,Wilharm
Juichirou,Wilharm
Mihalis,Wilharm
Kerryn,Willoner
Georgi,Willoner
Marjo,Willoner
Wanqing,Wissmann
Renee,Wissmann
Izaskun,Wissmann
Leen,Wixon
Sven,Wolniewicz
Sachio,Wolniewicz
Kousuke,Worfolk
Achilleas,Worfolk
Arch,Worfolk
Houman,Worfolk
Mary,Wossner
Saeed,Wossner
Pramod,Wrigley
Randi,Wroclawski
Ottavia,Wuwongse
Saeko,Wuwongse
Demin,Wynblatt
Vidya,Wynblatt
Yefim,Xiaoshan
Stella,Yamaashi
Garnik,Yavatkar
Rasiah,Yemenis
Abdulah,Yetim
Marke,Yetto
Pintsang,Yetto
Karoline,Yeung
Charlene,Yoshimura
Masasuke,Yurov
Fun,Zaccaria
Chriss,Zaccaria
Sampalli,Zaiane
Jaques,Zaiane
Shichao,Zaiane
Doohun,Zallocco
Sven,Zallocco
Wayne,Zallocco
Martins,Zallocco
Kellyn,Zastre
Bangqing,Zastre
Shakhar,Zedlitz
Bouchung,Zedlitz
Steen,Zeidenstein
Mara,Zeilberger
Chrisa,Zeleznik
Maria,Zhang
Maris,Zhang
Murthy,Zhiwei
Denny,Zhiwei
Somnath,Zielinski
Masoud,Zielinski
Arvind,Zirintsis
Manohar,Zirintsis
Shridhar,Zlotek
Alois,Zlotek
Christfried,Zockler
Hyuckchul,Zucker
Patricia,Zucker
Greger,Zumaque
Jingling,Zweizig
Kazuhisa,Zwicker
Hironobu,Zwicker
Hyuncheol,Zyda
Rosalyn,Zykh
Seongbae,Zykh
